,seqtype,loss
0,itergenomic,6.069103717803955
1,transcripts,7.381012916564941
2,exons,7.093152046203613
3,random,6.088870048522949
4,3utr,7.04788064956665
