,seqtype,loss
0,low,6.010460376739502
1,medium,6.1649675369262695
2,high,6.162405490875244
