dataset,accuracy,f1,train_runtime
demo_coding_vs_intergenomic_seqs,0.93652,0.9372355151275459,1928.0107
demo_human_or_worm,0.9698,0.96945916427329,1958.5199
human_enhancers_cohn,0.7405008635578584,0.7676065404918244,1317.2864
human_nontata_promoters,0.9235111799867168,0.9272555005790083,873.6407
