dataset,accuracy,f1,train_runtime
demo_coding_vs_intergenomic_seqs,0.91792,0.9176498916445943,2071.5687
demo_human_or_worm,0.9682,0.968099193451306,2069.3582
human_enhancers_cohn,0.7377662636729995,0.7518816506618219,1046.3199
human_nontata_promoters,0.9224042506088111,0.9290844714213455,816.2458
