dataset,accuracy,f1,train_runtime
demo_coding_vs_intergenomic_seqs,0.91828,0.9192458199928851,1359.3852
demo_human_or_worm,0.96756,0.9671513629551621,1359.0999
human_enhancers_cohn,0.7399251583189407,0.7414496833216045,943.2796
human_nontata_promoters,0.8945096302855878,0.8994664713882206,584.3505
