dataset,accuracy,f1,train_runtime
demo_coding_vs_intergenomic_seqs,0.9188,0.9189879479607311,3036.4385
demo_coding_vs_intergenomic_seqs,0.9194,0.919615430645869,2862.7202
demo_coding_vs_intergenomic_seqs,0.91916,0.91874723595867,2960.3759
demo_coding_vs_intergenomic_seqs,0.92044,0.92071590863794,2937.2575
demo_coding_vs_intergenomic_seqs,0.9186,0.9176290692527465,2862.1809
demo_human_or_worm,0.96704,0.966979241804921,2815.2293
