dataset,accuracy,f1,train_runtime
demo_coding_vs_intergenomic_seqs,0.92004,0.9195384253081089,3916.9773
demo_human_or_worm,0.96804,0.9680463907218556,3940.5466
human_enhancers_cohn,0.7387737478411054,0.7444741658454175,1212.1837
human_nontata_promoters,0.9634713305291123,0.9662369551872314,1480.8357
