dataset,test_acc,test_f1,test_loss,test_precision,test_recall,test_auroc_macro,test_auroc_weighted,test_pr_auc,min_valid_loss_epoch,min_valid_loss_log
drosophila_enhancers_stark,0.5549132947976878,0.5930232558139534,0.6921222805976868,0.5462512171372931,0.6485549132947976,0.586052992081259,0.586052992081259,0.571607982990632,96.0,"{'eval_loss': 0.6921690702438354, 'eval_accuracy': 0.5573770491803278, 'eval_f1': 0.6053310404127257, 'eval_recall': 0.6782273603082851, 'eval_precision': 0.546583850931677, 'eval_rocauc_0_roc_auc': 0.5858236436271118, 'eval_rocauc_1_roc_auc': 0.5858236436271118, 'eval_pr_auc': 0.5713524992318446, 'eval_runtime': 4.3606, 'eval_samples_per_second': 237.812, 'eval_steps_per_second': 7.568, 'epoch': 96.0, 'step': 6240}"
