dataset,test_acc,test_f1,test_loss,test_precision,test_recall,test_auroc_macro,test_auroc_weighted,test_pr_auc,min_valid_loss_epoch,min_valid_loss_log
drosophila_enhancers_stark,0.5017341040462427,0.6532582461786002,0.6931437253952026,0.5009253547193091,0.9387283236994219,0.4984135788031675,0.4984135788031675,0.5059399598026081,1.0,"{'eval_loss': 0.6932181119918823, 'eval_accuracy': 0.5043394406943105, 'eval_f1': 0.6541049798115748, 'eval_recall': 0.9364161849710982, 'eval_precision': 0.5025853154084798, 'eval_rocauc_0_roc_auc': 0.4986162876336287, 'eval_rocauc_1_roc_auc': 0.4986162876336287, 'eval_pr_auc': 0.4868898837585687, 'eval_runtime': 4.8116, 'eval_samples_per_second': 215.523, 'eval_steps_per_second': 6.858, 'epoch': 1.0, 'step': 65}"
