dataset,test_acc,test_f1,test_loss,test_precision,test_recall,test_auroc_macro,test_auroc_weighted,test_pr_auc,min_valid_loss_epoch,min_valid_loss_log
drosophila_enhancers_stark,0.5202312138728323,0.658154859967051,0.6927418112754822,0.5111964171465131,0.923699421965318,0.5595409134952721,0.5595409134952721,0.5594400148388976,8.0,"{'eval_loss': 0.6927745938301086, 'eval_accuracy': 0.5159112825458052, 'eval_f1': 0.6561643835616439, 'eval_recall': 0.9229287090558767, 'eval_precision': 0.5090329436769394, 'eval_rocauc_0_roc_auc': 0.5589937584157237, 'eval_rocauc_1_roc_auc': 0.5589937584157237, 'eval_pr_auc': 0.5458252495999985, 'eval_runtime': 4.7021, 'eval_samples_per_second': 220.538, 'eval_steps_per_second': 7.018, 'epoch': 8.0, 'step': 520}"
