dataset,test_acc,test_f1,test_loss,test_precision,test_recall,test_auroc_macro,test_auroc_weighted,test_pr_auc,min_valid_loss_epoch,min_valid_loss_log
drosophila_enhancers_stark,0.7034682080924856,0.7348837209302326,0.5640026926994324,0.6644859813084112,0.8219653179190751,0.7723392027799124,0.7723392027799124,0.7333328216230621,12.0,"{'eval_loss': 0.560198187828064, 'eval_accuracy': 0.7135969141755063, 'eval_f1': 0.7406113537117904, 'eval_recall': 0.8169556840077071, 'eval_precision': 0.6773162939297125, 'eval_rocauc_0_roc_auc': 0.7810516957915801, 'eval_rocauc_1_roc_auc': 0.7810516957915801, 'eval_pr_auc': 0.7518023025148735, 'eval_runtime': 4.711, 'eval_samples_per_second': 220.125, 'eval_steps_per_second': 7.005, 'epoch': 12.0, 'step': 780}"
