dataset,test_acc,test_f1,test_loss,test_precision,test_recall,test_auroc_macro,test_auroc_weighted,test_pr_auc,min_valid_loss_epoch,min_valid_loss_log
drosophila_enhancers_stark,0.5381502890173411,0.6815464328417697,0.6875293254852295,0.5200729927007299,0.9884393063583815,0.644930335126466,0.644930335126466,0.6048525363347037,17.0,"{'eval_loss': 0.6882919669151306, 'eval_accuracy': 0.5361620057859209, 'eval_f1': 0.6803986710963454, 'eval_recall': 0.9865125240847784, 'eval_precision': 0.5192697768762677, 'eval_rocauc_0_roc_auc': 0.6322412420678316, 'eval_rocauc_1_roc_auc': 0.6322412420678316, 'eval_pr_auc': 0.5949534087169377, 'eval_runtime': 4.6954, 'eval_samples_per_second': 220.855, 'eval_steps_per_second': 7.028, 'epoch': 17.0, 'step': 1105}"
