dataset,test_acc,test_f1,test_loss,test_precision,test_recall,test_auroc_macro,test_auroc_weighted,test_pr_auc,min_valid_loss_epoch,min_valid_loss_log
drosophila_enhancers_stark,0.6190751445086705,0.6089020771513353,0.6491492390632629,0.625609756097561,0.5930635838150289,0.6613124394400081,0.6613124394400081,0.6310153042702151,43.0,"{'eval_loss': 0.6599984169006348, 'eval_accuracy': 0.5930568948891032, 'eval_f1': 0.5813492063492064, 'eval_recall': 0.5645472061657033, 'eval_precision': 0.5991820040899796, 'eval_rocauc_0_roc_auc': 0.6430542846727817, 'eval_rocauc_1_roc_auc': 0.6430542846727817, 'eval_pr_auc': 0.5893244832855735, 'eval_runtime': 4.024, 'eval_samples_per_second': 257.701, 'eval_steps_per_second': 8.201, 'epoch': 43.0, 'step': 2795}"
