dataset,test_acc,test_f1,test_loss,test_precision,test_recall,test_auroc_macro,test_auroc_weighted,test_pr_auc,min_valid_loss_epoch,min_valid_loss_log
drosophila_enhancers_stark,0.5780346820809249,0.5171957671957672,0.6734752058982849,0.6043276661514683,0.45202312138728323,0.6231862073574126,0.6231862073574126,0.5884346088956088,51.0,"{'eval_loss': 0.6720142364501953, 'eval_accuracy': 0.5776277724204436, 'eval_f1': 0.5290322580645161, 'eval_recall': 0.47398843930635837, 'eval_precision': 0.5985401459854015, 'eval_rocauc_0_roc_auc': 0.6267510284851325, 'eval_rocauc_1_roc_auc': 0.6267510284851325, 'eval_pr_auc': 0.5849182944605367, 'eval_runtime': 4.7043, 'eval_samples_per_second': 220.438, 'eval_steps_per_second': 7.015, 'epoch': 51.0, 'step': 3315}"
