dataset,test_acc,test_f1,test_loss,test_precision,test_recall,test_auroc_macro,test_auroc_weighted,test_pr_auc,min_valid_loss_epoch,min_valid_loss_log
drosophila_enhancers_stark,0.6260115606936416,0.6747109100050276,0.6564850807189941,0.5969750889679716,0.7757225433526012,0.6723331885462261,0.6723331885462261,0.6242461785617535,17.0,"{'eval_loss': 0.6744459867477417, 'eval_accuracy': 0.6200578592092575, 'eval_f1': 0.6700167504187605, 'eval_recall': 0.7707129094412332, 'eval_precision': 0.5925925925925926, 'eval_rocauc_0_roc_auc': 0.6528574404296947, 'eval_rocauc_1_roc_auc': 0.6528574404296947, 'eval_pr_auc': 0.5999999910170654, 'eval_runtime': 4.7069, 'eval_samples_per_second': 220.317, 'eval_steps_per_second': 7.011, 'epoch': 17.0, 'step': 1105}"
