dataset,test_acc,test_f1,test_loss,test_precision,test_recall,test_auroc_macro,test_auroc_weighted,test_pr_auc,min_valid_loss_epoch,min_valid_loss_log
drosophila_enhancers_stark,0.5017341040462427,0.044345898004434586,0.6901035308837891,0.5405405405405406,0.023121387283236993,0.6393912259012997,0.6393912259012997,0.5973022078518545,3.0,"{'eval_loss': 0.690792977809906, 'eval_accuracy': 0.5043394406943105, 'eval_f1': 0.04814814814814814, 'eval_recall': 0.025048169556840076, 'eval_precision': 0.6190476190476191, 'eval_rocauc_0_roc_auc': 0.612272264006368, 'eval_rocauc_1_roc_auc': 0.612272264006368, 'eval_pr_auc': 0.576704833926567, 'eval_runtime': 3.3825, 'eval_samples_per_second': 306.58, 'eval_steps_per_second': 9.756, 'epoch': 3.0, 'step': 195}"
