dataset,test_acc,test_f1,test_loss,test_precision,test_recall,test_auroc_macro,test_auroc_weighted,test_pr_auc,min_valid_loss_epoch,min_valid_loss_log
drosophila_enhancers_stark,0.599421965317919,0.6060261512222853,0.6564679145812988,0.5961968680089486,0.6161849710982659,0.6527601991379599,0.6527601991379599,0.6160008931247392,58.0,"{'eval_loss': 0.6647438406944275, 'eval_accuracy': 0.600771456123433, 'eval_f1': 0.6138059701492538, 'eval_recall': 0.6339113680154143, 'eval_precision': 0.5949367088607594, 'eval_rocauc_0_roc_auc': 0.6335672997522708, 'eval_rocauc_1_roc_auc': 0.6335672997522708, 'eval_pr_auc': 0.5967787615912765, 'eval_runtime': 3.3478, 'eval_samples_per_second': 309.751, 'eval_steps_per_second': 9.857, 'epoch': 58.0, 'step': 3770}"
