dataset,test_acc,test_f1,test_loss,test_precision,test_recall,test_auroc_macro,test_auroc_weighted,test_pr_auc,min_valid_loss_epoch,min_valid_loss_log
drosophila_enhancers_stark,0.7127167630057804,0.7498741821841972,0.5816874504089355,0.6639928698752228,0.861271676300578,0.7677784089010659,0.7677784089010659,0.7034231287496362,4.0,"{'eval_loss': 0.5867186188697815, 'eval_accuracy': 0.7049180327868853, 'eval_f1': 0.7362068965517242, 'eval_recall': 0.8227360308285164, 'eval_precision': 0.6661466458658346, 'eval_rocauc_0_roc_auc': 0.767811577060132, 'eval_rocauc_1_roc_auc': 0.767811577060132, 'eval_pr_auc': 0.7108073630905075, 'eval_runtime': 2.7832, 'eval_samples_per_second': 372.587, 'eval_steps_per_second': 11.857, 'epoch': 4.0, 'step': 260}"
