dataset,test_acc,test_f1,test_loss,test_precision,test_recall,test_auroc_macro,test_auroc_weighted,test_pr_auc,min_valid_loss_epoch,min_valid_loss_log
drosophila_enhancers_stark,0.6520231213872832,0.6425178147268409,0.6247482895851135,0.6605616605616605,0.6254335260115607,0.7126171940258612,0.7126171940258612,0.6627957987049689,6.0,"{'eval_loss': 0.6486023664474487, 'eval_accuracy': 0.6316297010607522, 'eval_f1': 0.6247544204322201, 'eval_recall': 0.6127167630057804, 'eval_precision': 0.6372745490981964, 'eval_rocauc_0_roc_auc': 0.6894198079169177, 'eval_rocauc_1_roc_auc': 0.6894198079169177, 'eval_pr_auc': 0.6214019735215424, 'eval_runtime': 3.0372, 'eval_samples_per_second': 341.431, 'eval_steps_per_second': 10.865, 'epoch': 6.0, 'step': 390}"
