dataset,test_acc,test_f1,test_loss,test_precision,test_recall,test_auroc_macro,test_auroc_weighted,test_pr_auc,min_valid_loss_epoch,min_valid_loss_log
drosophila_enhancers_stark,0.7375722543352601,0.7667009249743062,0.5423546433448792,0.6901017576318224,0.8624277456647399,0.8085488990611113,0.8085488990611113,0.7535190297491255,6.0,"{'eval_loss': 0.5501356720924377, 'eval_accuracy': 0.7405978784956606, 'eval_f1': 0.7718405428329093, 'eval_recall': 0.8766859344894027, 'eval_precision': 0.6893939393939394, 'eval_rocauc_0_roc_auc': 0.7986642712076238, 'eval_rocauc_1_roc_auc': 0.7986642712076238, 'eval_pr_auc': 0.7290790665993866, 'eval_runtime': 3.0615, 'eval_samples_per_second': 338.725, 'eval_steps_per_second': 10.779, 'epoch': 6.0, 'step': 390}"
