dataset,test_acc,test_f1,test_loss,test_precision,test_recall,test_auroc_macro,test_auroc_weighted,test_pr_auc,min_valid_loss_epoch,min_valid_loss_log
drosophila_enhancers_stark,0.5820809248554913,0.5647200481637568,0.667963445186615,0.5891959798994975,0.5421965317919075,0.6259614420795885,0.6259614420795885,0.5916742903820646,48.0,"{'eval_loss': 0.6679290533065796, 'eval_accuracy': 0.5911282545805208, 'eval_f1': 0.5907335907335908, 'eval_recall': 0.5895953757225434, 'eval_precision': 0.5918762088974855, 'eval_rocauc_0_roc_auc': 0.6318748558632953, 'eval_rocauc_1_roc_auc': 0.6318748558632953, 'eval_pr_auc': 0.5851327173619686, 'eval_runtime': 3.3648, 'eval_samples_per_second': 308.191, 'eval_steps_per_second': 9.807, 'epoch': 48.0, 'step': 3120}"
