dataset,test_acc,test_f1,test_loss,test_precision,test_recall,test_auroc_macro,test_auroc_weighted,test_pr_auc,min_valid_loss_epoch,min_valid_loss_log
drosophila_enhancers_stark,0.6179190751445087,0.6233618233618234,0.6541467308998108,0.6146067415730337,0.6323699421965318,0.6596177620368204,0.6596177620368204,0.6165650506203729,57.0,"{'eval_loss': 0.6668591499328613, 'eval_accuracy': 0.583413693346191, 'eval_f1': 0.5893536121673003, 'eval_recall': 0.5973025048169557, 'eval_precision': 0.5816135084427767, 'eval_rocauc_0_roc_auc': 0.6285271646543323, 'eval_rocauc_1_roc_auc': 0.6285271646543323, 'eval_pr_auc': 0.5945950652795222, 'eval_runtime': 3.3355, 'eval_samples_per_second': 310.898, 'eval_steps_per_second': 9.894, 'epoch': 57.0, 'step': 3705}"
