dataset,test_acc,test_f1,test_loss,test_precision,test_recall,test_auroc_macro,test_auroc_weighted,test_pr_auc,min_valid_loss_epoch,min_valid_loss_log
drosophila_enhancers_stark,0.5242774566473989,0.6748320821809561,0.6881300806999207,0.5126050420168067,0.9872832369942196,0.6268969895419159,0.6268969895419159,0.6012479940327395,5.0,"{'eval_loss': 0.6879656910896301, 'eval_accuracy': 0.5265188042430087, 'eval_f1': 0.6741871267418713, 'eval_recall': 0.9788053949903661, 'eval_precision': 0.5141700404858299, 'eval_rocauc_0_roc_auc': 0.629390125054865, 'eval_rocauc_1_roc_auc': 0.629390125054865, 'eval_pr_auc': 0.6009406918095349, 'eval_runtime': 3.3992, 'eval_samples_per_second': 305.075, 'eval_steps_per_second': 9.708, 'epoch': 5.0, 'step': 325}"
