dataset,test_acc,test_f1,test_loss,test_precision,test_recall,test_auroc_macro,test_auroc_weighted,test_pr_auc,min_valid_loss_epoch,min_valid_loss_log
drosophila_enhancers_stark,0.6127167630057804,0.6901017576318224,0.6749312877655029,0.5751734772552043,0.8624277456647399,0.6564268769420963,0.6564268769420963,0.6102784015977367,4.0,"{'eval_loss': 0.6766083240509033, 'eval_accuracy': 0.6181292189006751, 'eval_f1': 0.6930232558139535, 'eval_recall': 0.861271676300578, 'eval_precision': 0.5797665369649806, 'eval_rocauc_0_roc_auc': 0.6522083603008458, 'eval_rocauc_1_roc_auc': 0.6522083603008458, 'eval_pr_auc': 0.595506873674285, 'eval_runtime': 2.8099, 'eval_samples_per_second': 369.05, 'eval_steps_per_second': 11.744, 'epoch': 4.0, 'step': 260}"
