dataset,test_acc,test_f1,test_loss,test_precision,test_recall,test_auroc_macro,test_auroc_weighted,test_pr_auc,min_valid_loss_epoch,min_valid_loss_log
drosophila_enhancers_stark,0.6352601156069364,0.6557555919258047,0.6438280344009399,0.6208677685950413,0.6947976878612717,0.6787330014367337,0.6787330014367337,0.631300973859078,45.0,"{'eval_loss': 0.6592820286750793, 'eval_accuracy': 0.6142719382835101, 'eval_f1': 0.6415770609318996, 'eval_recall': 0.6897880539499036, 'eval_precision': 0.5996649916247906, 'eval_rocauc_0_roc_auc': 0.6429036385683784, 'eval_rocauc_1_roc_auc': 0.6429036385683784, 'eval_pr_auc': 0.5799401678269217, 'eval_runtime': 2.8155, 'eval_samples_per_second': 368.318, 'eval_steps_per_second': 11.721, 'epoch': 45.0, 'step': 2925}"
