dataset,test_acc,test_f1,test_loss,test_precision,test_recall,test_auroc_macro,test_auroc_weighted,test_pr_auc,min_valid_loss_epoch,min_valid_loss_log
drosophila_enhancers_stark,0.6416184971098265,0.6457142857142857,0.6265111565589905,0.6384180790960452,0.653179190751445,0.6961615824117079,0.6961615824117079,0.6569779090019037,50.0,"{'eval_loss': 0.641349196434021, 'eval_accuracy': 0.609450337512054, 'eval_f1': 0.6182846371347785, 'eval_recall': 0.6319845857418112, 'eval_precision': 0.6051660516605166, 'eval_rocauc_0_roc_auc': 0.6689970317137947, 'eval_rocauc_1_roc_auc': 0.6689970317137947, 'eval_pr_auc': 0.6084793950820748, 'eval_runtime': 3.0405, 'eval_samples_per_second': 341.061, 'eval_steps_per_second': 10.853, 'epoch': 50.0, 'step': 3250}"
