dataset,test_acc,test_f1,test_loss,test_precision,test_recall,test_auroc_macro,test_auroc_weighted,test_pr_auc,min_valid_loss_epoch,min_valid_loss_log
drosophila_enhancers_stark,0.6011560693641619,0.6829044117647057,0.6745079159736633,0.566742944317315,0.8589595375722543,0.6472905877242808,0.6472905877242808,0.6021519364312766,6.0,"{'eval_loss': 0.6775082349777222, 'eval_accuracy': 0.5978784956605593, 'eval_f1': 0.6804597701149426, 'eval_recall': 0.8554913294797688, 'eval_precision': 0.5648854961832062, 'eval_rocauc_0_roc_auc': 0.6323751497161901, 'eval_rocauc_1_roc_auc': 0.6323751497161901, 'eval_pr_auc': 0.5950643408923131, 'eval_runtime': 3.4188, 'eval_samples_per_second': 303.324, 'eval_steps_per_second': 9.653, 'epoch': 6.0, 'step': 390}"
